,precision,recall,f1-score,support
negative,0.8844621513944223,0.8102189781021898,0.8457142857142858,274.0
neutral,0.8877917414721723,0.9295112781954887,0.9081726354453628,1064.0
positive,0.8629807692307693,0.8103837471783296,0.8358556461001164,443.0
accuracy,0.8815272318921954,0.8815272318921954,0.8815272318921954,0.8815272318921954
macro avg,0.8784115540324545,0.8500380011586693,0.8632475224199218,1781.0
weighted avg,0.8811080983591767,0.8815272318921954,0.8805757718259022,1781.0
