,precision,recall,f1-score,support
negative,0.6109725685785536,0.8941605839416058,0.725925925925926,274.0
neutral,0.8960244648318043,0.5507518796992481,0.6821885913853318,1064.0
positive,0.5385674931129476,0.8826185101580135,0.6689478186484175,443.0
accuracy,0.6861313868613139,0.6861313868613139,0.6861313868613139,0.6861313868613139
macro avg,0.6818548421744351,0.7758436579329558,0.6923541119865583,1781.0
weighted avg,0.7632576719935987,0.6861313868613139,0.6856239464339954,1781.0
