,precision,recall,f1-score,support
negative,0.5079872204472844,0.7464788732394366,0.6045627376425855,213.0
neutral,0.7879616963064295,0.7403598971722365,0.7634194831013916,778.0
positive,0.5816733067729084,0.48026315789473684,0.5261261261261261,304.0
accuracy,0.6803088803088803,0.6803088803088803,0.6803088803088803,0.6803088803088803
macro avg,0.6258740745088741,0.6557006427688034,0.6313694489567011,1295.0
weighted avg,0.6934858401086007,0.6803088803088803,0.6815865353769078,1295.0
