,precision,recall,f1-score,support
negative,0.5016393442622951,0.7183098591549296,0.5907335907335908,213.0
neutral,0.776595744680851,0.7487179487179487,0.762402088772846,780.0
positive,0.6095617529880478,0.4857142857142857,0.5406360424028268,315.0
accuracy,0.6804281345565749,0.6804281345565749,0.6804281345565749,0.6804281345565749
macro avg,0.6292656139770646,0.6509140311957213,0.6312572406364212,1308.0
weighted avg,0.6915946585398837,0.6804281345565749,0.681039936870004,1308.0
