,precision,recall,f1-score,support
negative,0.6428571428571429,0.9197080291970803,0.7567567567567568,274.0
neutral,0.9040404040404041,0.6729323308270677,0.771551724137931,1064.0
positive,0.628140703517588,0.8465011286681715,0.7211538461538461,443.0
accuracy,0.7540707467714767,0.7540707467714767,0.7540707467714767,0.7540707467714767
macro avg,0.7250127501383784,0.81304716289744,0.7498207756828447,1781.0
weighted avg,0.7952319925323632,0.7540707467714767,0.7567397752275484,1781.0
