,precision,recall,f1-score,support
negative,0.6073170731707317,0.9087591240875912,0.7280701754385965,274.0
neutral,0.9054545454545454,0.6981308411214954,0.7883905013192612,1070.0
positive,0.6817359855334539,0.8490990990990991,0.7562688064192578,444.0
accuracy,0.7678970917225951,0.7678970917225951,0.7678970917225951,0.7678970917225951
macro avg,0.7315025347195769,0.8186630214360618,0.7575764943923717,1788.0
weighted avg,0.804212538737135,0.7678970917225951,0.7711702542124919,1788.0
