,precision,recall,f1-score,support
negative,0.6791044776119403,0.6642335766423357,0.6715867158671587,274.0
neutral,0.8423963133640553,0.8542056074766355,0.8482598607888631,1070.0
positive,0.6988505747126437,0.6846846846846847,0.6916951080773607,444.0
accuracy,0.7829977628635347,0.7829977628635347,0.7829977628635347,0.7829977628635347
macro avg,0.7401171218962131,0.7343746229345519,0.7371805615777941,1788.0
weighted avg,0.7817272580188057,0.7829977628635347,0.782307292605164,1788.0
