,precision,recall,f1-score,support
negative,0.38095238095238093,0.23357664233576642,0.2895927601809955,274.0
neutral,0.6215071972904318,0.685981308411215,0.6521545979564638,1070.0
positive,0.31890660592255127,0.3153153153153153,0.3171007927519819,444.0
accuracy,0.5246085011185683,0.5246085011185683,0.5246085011185683,0.5246085011185683
macro avg,0.440455394721788,0.4116244220207655,0.41961605029648047,1788.0
weighted avg,0.5095012228810555,0.5246085011185683,0.5133929463562019,1788.0
