,precision,recall,f1-score,support
negative,0.7184873949579832,0.6240875912408759,0.66796875,274.0
neutral,0.8265486725663717,0.8778195488721805,0.8514129443938013,1064.0
positive,0.7142857142857143,0.6659142212189616,0.6892523364485982,443.0
accuracy,0.7860752386299832,0.7860752386299832,0.7860752386299832,0.7860752386299832
macro avg,0.7531072606033563,0.722607120444006,0.7362113436141331,1781.0
weighted avg,0.7819999468038621,0.7860752386299832,0.7828554718594799,1781.0
