,precision,recall,f1-score,support
negative,0.5623188405797102,0.708029197080292,0.6268174474959612,274.0
neutral,0.865024630541872,0.8205607476635514,0.8422062350119904,1070.0
positive,0.6799065420560748,0.6554054054054054,0.6674311926605505,444.0
accuracy,0.7623042505592841,0.7623042505592841,0.7623042505592841,0.7623042505592841
macro avg,0.7024166710592189,0.7279984500497495,0.7121516250561674,1788.0
weighted avg,0.7726679092122711,0.7623042505592841,0.7657987145514584,1788.0
