,precision,recall,f1-score,support
negative,0.5701492537313433,0.6970802919708029,0.6272577996715928,274.0
neutral,0.8625641025641025,0.7904135338345865,0.8249141736145169,1064.0
positive,0.6518046709129511,0.6930022573363431,0.6717724288840262,443.0
accuracy,0.7518248175182481,0.7518248175182481,0.7518248175182481,0.7518248175182481
macro avg,0.694839342402799,0.7268320277139108,0.7079814673900454,1781.0
weighted avg,0.7651536046406685,0.7518248175182481,0.7564135338750625,1781.0
